fold,equation,complexity,loss,score,equation_index,train_rmse,train_r2,train_mae,train_pearson_r,train_spearman_r,train_kendall_tau,train_top_k_accuracy_true,val_rmse,val_r2,val_mae,val_pearson_r,val_spearman_r,val_kendall_tau,val_top_k_accuracy_true
1,-gravy - hydrophobic_aa_percent + (alphafold_distance_score + 0.5518216)*(hydrophobic_aa_percent + instability_index + 0.6557767)*(alphafold_interface_sasa + alphafold_ipsae_max*(alphafold_interface_sasa + uHrel) + hydrophobic_aa_percent - turn_fraction) + 5.66123455,29,1.3848679,7.220904812586586e-08,14,1.1768043345441033,0.37687400398593796,0.9140059664879616,0.6139262447867839,0.6078971937098693,0.4299151131767375,0.2,1.4322221279945808,0.10020708307627824,1.144080819051518,0.3859490809702831,0.3844751770892682,0.2629496926476131,0.1
1,-gravy - hydrophobic_aa_percent + (alphafold_distance_score + 0.5518216)*(hydrophobic_aa_percent + instability_index + 0.6557767)*(alphafold_interface_sasa + alphafold_ipsae_max*(alphafold_interface_sasa + uHrel) + hydrophobic_aa_percent - turn_fraction) + 5.6612344,27,1.3848681,0.0052482408508765415,13,1.1768043345649777,0.37687400396383164,0.9140059683127792,0.6139262447867839,0.6078971937098693,0.4299151131767375,0.2,1.4322221123385865,0.10020710274802092,1.144080800119479,0.385949080970283,0.3844751770892682,0.2629496926476131,0.1
1,-gravy - hydrophobic_aa_percent + (alphafold_distance_score + 0.3933839)*(hydrophobic_aa_percent + 1.1858994)*(alphafold_interface_sasa + alphafold_ipsae_max*(alphafold_interface_sasa + uHrel) + hydrophobic_aa_percent - turn_fraction) + 5.66772,25,1.3994809,0.0038393648222220886,12,1.1829967243636288,0.37029892414592136,0.9177624640637158,0.60854396731733,0.602421120471335,0.4262794171610376,0.2,1.4426314123136128,0.08708029702582987,1.145167498364992,0.3677882988881399,0.35733614850566725,0.24521741982932832,0.1
1,alphafold_distance_score*(alphafold_interface_sasa + alphafold_iptm + instability_index + 0.7847098)*(alphafold_interface_sasa + alphafold_ipsae_max*uHrel + hydrophobic_aa_percent - turn_fraction) + alphafold_interface_sasa + 4.9185047,23,1.4102685,0.0022774557426793614,11,1.187547392918417,0.36544502667577494,0.9218740701257423,0.6046789973934417,0.5973686104312298,0.4222872803594849,0.2,1.4328758724842123,0.09938546623210409,1.1475460416125443,0.3725848637822905,0.3751643467006254,0.25460509367430256,0.1
1,alphafold_distance_score*(alphafold_interface_sasa + 2*alphafold_iptm)*(alphafold_interface_sasa + alphafold_ipsae_max*uHrel + hydrophobic_aa_percent - turn_fraction) + alphafold_interface_sasa + 5.000869,21,1.4167068,0.005243472077333556,10,1.1902549995009257,0.36254815890496983,0.9267891095897045,0.6041051145202139,0.5991674360611219,0.4243071114793181,0.3,1.4257147087151925,0.10836507417856323,1.1347077382056316,0.3697315496757293,0.36957304376322153,0.2522344689659758,0.1
1,(alphafold_distance_score + alphafold_iptm)*(alphafold_distance_score*alphafold_interface_peptide_plddt*uHrel + 2*alphafold_interface_sasa + hydrophobic_aa_percent - turn_fraction) + 4.841048,19,1.4316419,0.004805519381858111,9,1.196512410600693,0.3558281145666634,0.9321085173297459,0.596840762142627,0.5963157953152817,0.42033873739682226,0.3,1.4265077028318978,0.10737292914041352,1.1361722144218491,0.3783228806194319,0.3790431157773833,0.2593463430909563,0.1
1,(alphafold_distance_score + alphafold_iptm)*(2*alphafold_interface_sasa + alphafold_ipsae_min*uHrel + hydrophobic_aa_percent - turn_fraction) + 4.8465695,17,1.4454678,0.010600084481892058,8,1.2022761759646783,0.34960703697885587,0.9329777903038332,0.5914439213979854,0.592135301735521,0.41675056681923617,0.3,1.4130437487702965,0.12414335824224021,1.1198395084250146,0.38806788303381917,0.3843852604817553,0.2646565424376084,0.2
1,-inter_model_rmsd + (alphafold_distance_score + alphafold_iptm)*(2*alphafold_interface_sasa + hydrophobic_aa_percent - turn_fraction) + 5.045237,15,1.4764391,0.0019010991492315545,7,1.2150881542771526,0.335671437512027,0.9454347065113848,0.5852848457524957,0.5909081697513354,0.41489707473280096,0.4,1.40275218672307,0.1368550772978887,1.098688590676007,0.3832977430066753,0.366259170625266,0.25128621908264503,0.3
1,(alphafold_distance_score + alphafold_iptm)*(2*alphafold_interface_sasa + hydrophobic_aa_percent - turn_fraction) + 5.045237,13,1.4820635,0.026054814940751726,6,1.217400446712811,0.33314061946138274,0.9454794057905888,0.5790069052708935,0.5874157827183798,0.4131148708035364,0.4,1.407112970031263,0.13148015986671535,1.1116729726548273,0.38414240029368535,0.3848149383161299,0.26332899260094533,0.3
1,(alphafold_distance_score + 1.3354608)*(alphafold_interface_sasa + alphafold_iptm - turn_fraction) + 4.641758,11,1.5613409,0.01647904520193282,5,1.249536425701106,0.29746948495351044,0.9852029819219917,0.5459297381243606,0.5659395470019126,0.3935581530197394,0.3,1.4175738848651867,0.11851846520154374,1.1184592997183271,0.38463487557843373,0.3979345263772075,0.2740442162825827,0.1
1,-inter_model_rmsd - (alphafold_interface_sasa + 1.6906716)*(turn_fraction - 3.4239752),9,1.6136571,0.015760374340254478,4,1.2702981780873646,0.2739296510649074,0.9858761266099718,0.5234207311253676,0.5341130203712946,0.3719340786779955,0.2,1.4221026229115066,0.11287731217695507,1.1280454817010095,0.3588286826728523,0.34620776714989393,0.23582974598435405,0.3
1,alphafold_distance_score - 4.577493*alphafold_interface_dG + 7.6519704,7,1.6653309,0.023674659207564036,3,1.2904771126779664,0.25067889636520835,1.0183435131111245,0.5011908295079734,0.5356485125864523,0.3739776725168856,0.1,1.617248073542601,-0.14729498812896602,1.2137251623390362,0.1981156929493355,0.2757193243366487,0.18690005200448806,0.3
1,8.18795 - 4.541484*alphafold_interface_dG,5,1.7460798,0.06873079748157425,2,1.3213932426142156,0.2143456594109614,1.0364437774903144,0.46297479353756377,0.5056446645632343,0.35266251352288086,0.1,1.6263423610530634,-0.16023445856020713,1.2209098961976141,0.1863911264431972,0.27797204422868893,0.19021892659614564,0.3
1,alphafold_interface_sasa + 5.802591,3,2.003378,0.05188837001345495,1,1.415407460785006,0.09857351899626432,1.1360453799891082,0.4470278400286133,0.46505104518863927,0.32136701252499433,0.1,1.4931997398671744,0.02195773525377931,1.20407665160504,0.27108626504601374,0.2459974240425824,0.1703056790462002,0.3
1,6.12630800000000,1,2.2224529,0.0,0,1.4907894980125656,-1.024991869158498e-09,1.2045094405216057,,,,0.0,1.5338147211116433,-0.03197128919566805,1.2447146763809895,,,,0.1
2,2.8063407*alphafold_interface_sasa + alphafold_peptide_plddt*(alphafold_ipsae_max*(hydrophobic_aa_percent + uHrel)**2 + turn_fraction*(alphafold_ipsae_min - 2.8005872)) - alphafold_rosetta_score + instability_index - intra_alphafold_mean_rmsd + 5.5802245,29,1.5825878,0.0025151978249476504,14,1.2580095582932194,0.2897206171175699,1.0100837307170858,0.5382998611822152,0.5265338228243924,0.3669327576683276,0.2,1.304430526043225,0.25861930300705316,0.9840537836940462,0.5251738369522955,0.5381995244866651,0.37446685855605727,0.1
2,2.7486856*alphafold_interface_sasa + alphafold_peptide_plddt*(alphafold_ipsae_max*(hydrophobic_aa_percent + uHrel)**2 + instability_index + turn_fraction*(alphafold_ipsae_min - 2.8592312)) - alphafold_rosetta_score + 5.559002,27,1.5905689,0.0018672547591774779,13,1.2611776835675104,0.28613862916104893,1.0056010123738475,0.5349257247083041,0.5278105599913949,0.36714660179311,0.2,1.2766343368282116,0.28987891227514195,0.962929839350545,0.5536538893066353,0.5769150383937675,0.4063242745517112,0.2
2,2.8112178*alphafold_interface_sasa + alphafold_peptide_plddt*(alphafold_ipsae_max*(hydrophobic_aa_percent + uHrel)**2 + instability_index - 2.3717175*turn_fraction) - alphafold_rosetta_score + 5.526815,25,1.59652,0.007284110789149286,12,1.2635347995412614,0.2834677502109406,1.006775961354102,0.5324711956170652,0.5282446661844399,0.3675505295843657,0.2,1.2754494179556952,0.29119651021445603,0.9636270512262335,0.5544914726652312,0.5792727689189142,0.4082205493133573,0.2
2,2.6348593*alphafold_interface_sasa + alphafold_peptide_plddt*(turn_fraction*(alphafold_ipsae_min - 2.974373) + (alphafold_ipsae_max + instability_index)*(hydrophobic_aa_percent + uHrel)) - alphafold_rosetta_score + 5.628935,23,1.6199487,0.0017600408707529323,11,1.2727721124427083,0.27295276207018104,1.0135964768215202,0.5225968937672926,0.5198644202714412,0.3610639244659656,0.1,1.2873362584113583,0.2779232353186477,0.9666252124223055,0.5434047604750263,0.5708103352523834,0.39911843045745615,0.2
2,2.7414806*alphafold_interface_sasa + alphafold_peptide_plddt*(-2.2924013*turn_fraction + (alphafold_ipsae_max + instability_index)*(hydrophobic_aa_percent + uHrel)) - alphafold_rosetta_score + 5.550142,21,1.6256611,0.005604851793470666,10,1.2750141925829723,0.27038901334381005,1.0139931627338956,0.5202711057676401,0.5186265737647752,0.36030358980007254,0.1,1.28140739294619,0.284559011492719,0.9640150437773748,0.5471969419603497,0.5743211916238901,0.4026265387665014,0.2
2,2.5522578*alphafold_interface_sasa + alphafold_iptm*instability_index*(-7.6698184*turn_fraction + uHrel + 3.6240182) - alphafold_rosetta_score + 5.3329806,19,1.6439868,0.003569163360183631,9,1.2821804812464754,0.26216432564896064,1.0209358245695266,0.5125733606159179,0.5101210135018034,0.35495748668051197,0.1,1.297366652835072,0.26662714879417937,0.9889263865791446,0.5291764505229195,0.5577456939668983,0.39162814514895417,0.2
2,2.7394226*alphafold_interface_sasa + alphafold_iptm*instability_index*(3.6240182 - 7.6698184*turn_fraction) - alphafold_rosetta_score + 5.3329806,17,1.6557641,0.012483810658527135,8,1.2867649560004268,0.25687858569983,1.0203102663105235,0.5071188893038443,0.5045090047915568,0.3515359806839932,0.1,1.30946445690648,0.25288613393985493,0.9938637360758927,0.5212708804511964,0.5549987834686053,0.38755115441141513,0.2
2,2.7394226*alphafold_interface_sasa - alphafold_rosetta_score + instability_index*(3.6240182 - 7.6698184*turn_fraction) + 5.3329806,15,1.697625,0.006999884884709882,7,1.3029293544691878,0.23809106910088917,1.0343906151471036,0.49135826066065547,0.4982987713016452,0.3460710752728869,0.1,1.3268344411906947,0.23293381213138165,1.0116869746600983,0.5038055368720933,0.5378041670536273,0.3749409272464688,0.2
2,2*alphafold_interface_sasa + (alphafold_ipsae_max - turn_fraction)*(alphafold_ipsae_max + uHrel) + 5.1190886,13,1.7215585,0.008758067543045735,6,1.3120818251948323,0.2273493639981895,1.046874485609377,0.4865253186073492,0.4814309412531191,0.33309786503608657,0.1,1.3128414599750382,0.24902767238477552,0.997301611318901,0.5151764652369353,0.5475995592877956,0.37958680041250165,0.1
2,2.50174202551592*alphafold_interface_sasa + alphafold_ipsae_max*alphafold_peptide_plddt - turn_fraction + 5.136047,11,1.7519792,0.0031676934084277574,5,1.3236237023956834,0.21369615734594605,1.048762748984595,0.4629887294628613,0.4636859107547809,0.3226670238383662,0.1,1.3084000576020183,0.25410022459275805,0.9975654718121952,0.5142041655341383,0.5481081701521723,0.3800608691029132,0.1
2,2.1212776*alphafold_interface_sasa + alphafold_ipsae_max - 2.1212776*turn_fraction + 5.4809246,9,1.7631139,0.01155288700069726,4,1.3278230311832693,0.2086989874747297,1.0493039935942416,0.4570367392898982,0.4720348712921311,0.3263736553345948,0.1,1.314090994312694,0.24759747339002658,1.0026336901394703,0.5155329977174392,0.5383038549203832,0.3738979761275635,0.2
2,2.5243206*alphafold_interface_sasa - 2.5243206*turn_fraction + 6.07397,7,1.8043263,0.030306131278234158,3,1.3432522728546625,0.1902023816951357,1.0590293441819887,0.4361219810647622,0.4403432178786758,0.3035636153578031,0.1,1.3428419857032767,0.21431368198844536,1.017977899591309,0.4831095345540352,0.4998917229323826,0.3452642272267078,0.2
2,3.0684469*alphafold_interface_sasa + 5.14692,5,1.917073,0.035567828357906825,2,1.384584215223799,0.13960063871408868,1.1038116281466843,0.37363168876227604,0.35037710762749175,0.24164386100413723,0.0,1.3676647308292331,0.1849980228696717,1.0464164272268703,0.4348400805579321,0.4696132464678137,0.32412076363435416,0.1
2,alphafold_interface_sasa + 5.7056274,3,2.0584128,0.039611490095298324,1,1.434717150442203,0.07616607439406586,1.1576458128980631,0.373631688762276,0.35037710762749175,0.24164386100413723,0.0,1.4449800346530237,0.09024791376648289,1.1272473001211616,0.4348400805579318,0.4696132464678137,0.32412076363435416,0.1
2,5.97570370000000,1,2.22812,0.0,0,1.4926890141711375,-1.1345813177854325e-11,1.2133052560507296,,,,0.0,1.5257543542400205,-0.014305086332487171,1.1931897376771199,,,,0.1
3,alphafold_distance_score + alphafold_interface_sasa - 0.38992336*alphafold_peptide_plddt + hydrophobic_aa_percent + (alphafold_interface_peptide_plddt + instability_index)*(alphafold_interface_sasa + alphafold_iptm + 0.5327638*polar_aa_percent - turn_fraction) + 3.9452093,29,1.678945,3.371050987771314e-05,13,1.2957413082675735,0.2731784572682878,1.0098350266807874,0.5256171688778954,0.5363999375127425,0.37427525538310635,0.2,1.2281231465919822,0.29768027207140124,0.9952219021743627,0.5509890845379315,0.5583971016038838,0.38665532252486323,0.2
3,alphafold_distance_score + alphafold_interface_sasa + hydrophobic_aa_percent + (alphafold_interface_peptide_plddt + instability_index)*(alphafold_distance_score*polar_aa_percent**2 + alphafold_interface_sasa + alphafold_iptm - turn_fraction) + 3.7502904,27,1.6790582,0.002422240408614768,12,1.2957847928275246,0.27312967276928135,1.0122961957754173,0.5231904396867315,0.5266015085757857,0.3672043109949253,0.2,1.2279669798154114,0.2978588731099153,0.9926878044029734,0.5472496171243917,0.552356562502709,0.3838791392237439,0.2
3,alphafold_distance_score + alphafold_interface_sasa + hydrophobic_aa_percent + 0.41354817*polar_aa_percent + (alphafold_interface_peptide_plddt + instability_index)*(alphafold_interface_sasa + alphafold_iptm - turn_fraction) + 3.6934888,25,1.6872121,0.0014225434176691274,11,1.2989273959999734,0.26959971167267427,1.0127628689856325,0.5202842253552891,0.5262814891377978,0.366778635413028,0.2,1.2287953993406424,0.29691118700306707,0.9947692042695763,0.5479534851174443,0.5589765698999956,0.38895285353268616,0.2
3,alphafold_distance_score + alphafold_interface_sasa + hydrophobic_aa_percent + (alphafold_interface_peptide_plddt + instability_index)*(alphafold_interface_sasa + alphafold_iptm - 1.2756848*turn_fraction) + 3.9317794,23,1.6920192,0.0010917027170674162,10,1.3007764955064505,0.2675186960072057,1.0134286699524566,0.5173266460698354,0.5226977004128128,0.3637989063397477,0.2,1.218231329930691,0.3089482627580695,0.9810532162092589,0.5594717203426962,0.5671963833984465,0.39431375921760625,0.3
3,alphafold_distance_score + alphafold_interface_sasa + hydrophobic_aa_percent + (alphafold_interface_peptide_plddt + instability_index)*(alphafold_interface_sasa + alphafold_iptm - turn_fraction) + 3.8447552,21,1.6957176,0.003540004810739524,9,1.3021973093862438,0.2659176707945037,1.0141379649973588,0.5160465847298144,0.5188554938467503,0.3602043125370603,0.2,1.227675590615509,0.29819206133045106,0.9917418268989894,0.5490973609141958,0.559229390803227,0.38914431445000475,0.3
3,alphafold_distance_score + 2*alphafold_interface_sasa + (alphafold_interface_peptide_plddt + 0.281428)*(alphafold_iptm + hydrophobic_aa_percent - turn_fraction) + 3.8665872,17,1.7198998,0.003046199562972617,8,1.3114496649075518,0.25544902702615335,1.0238135655825404,0.5055826224090488,0.5050206159824427,0.35098134159595445,0.2,1.2375594698364865,0.2868462175408173,0.9935989665354775,0.5369479573189803,0.547628184783595,0.38033711225335026,0.2
3,alphafold_distance_score + 2*alphafold_interface_sasa + alphafold_iptm**2 + hydrophobic_aa_percent - turn_fraction + 3.9903302,15,1.7304101,0.005154710316199863,7,1.315450675079136,0.250899099963952,1.0273615208018267,0.5011464567221698,0.5009695817187763,0.34868742318239737,0.2,1.233507357792947,0.29150869741859564,0.9964151285962375,0.5433173906648066,0.5623781602343824,0.3917290368338055,0.3
3,alphafold_distance_score + 2*alphafold_interface_sasa + alphafold_iptm + hydrophobic_aa_percent - turn_fraction + 3.8551147,13,1.7483419,0.007431759789637577,6,1.3222489535464699,0.24313635227363672,1.0291502796262937,0.4943195288414324,0.49687693634856184,0.3451164780231487,0.2,1.2323414508299269,0.29284739159823236,0.9970602730424938,0.5483361422324818,0.5685336179279351,0.3965155597667699,0.3
3,alphafold_distance_score + 2*alphafold_interface_sasa + alphafold_iptm - turn_fraction + 4.332261,11,1.7745225,0.013593738293165243,5,1.3321121307785069,0.23180274861414973,1.0373063030077903,0.48876787747135275,0.49277931480478077,0.34327188383492757,0.2,1.2491502661334197,0.27342507766703095,1.016409571481078,0.5379598499225997,0.5546577202555375,0.3839748696824032,0.3
3,2.30237*alphafold_interface_sasa + alphafold_iptm - turn_fraction + 4.7948403,9,1.8234291,0.018457572852023395,4,1.3503442025060313,0.21063084714061464,1.0519684379425176,0.4603272961453868,0.4691659126977827,0.3247313473789609,0.2,1.2533940190520563,0.26847988864673744,1.0023305007777858,0.5294160776423014,0.5471657245088134,0.38139014729860243,0.2
3,2.452064*alphafold_interface_sasa + alphafold_iptm + 4.4097323,7,1.8919991,0.02170853585882559,3,1.3754997647650902,0.18094658872427027,1.0775453025613748,0.4263426095826792,0.4348709824379538,0.2995928394035879,0.1,1.2824760352226463,0.234139710701189,1.0315651732254167,0.49075042178552797,0.49424815038588493,0.3406089719097458,0.1
3,alphafold_interface_sasa + alphafold_ipsae_max + 5.0769944,5,1.9759535,0.035700497326381316,2,1.4056862441877098,0.14460250839171063,1.0995724136662417,0.4026688559526972,0.4133683358841404,0.285592842487858,0.1,1.3340900045289021,0.1712542866064649,1.091421687541798,0.44971355643792466,0.4667491759443209,0.31705927907956105,0.2
3,alphafold_ipsae_max + 5.4265027,3,2.1221974,0.042393943717273244,1,1.4567764604919138,0.08129302628592083,1.1456849401640754,0.30684811703947634,0.3381114045589021,0.22923036208742445,0.1,1.408229411345294,0.07658302166244901,1.1602055279667904,0.29599409804962873,0.3360670067163035,0.22847713021634602,0.1
3,6.00680500000000,1,2.3099825,0.0,0,1.5198628933101697,-1.528820092744354e-08,1.2063428314079436,,,,0.0,1.468153269814145,-0.0036766667331249447,1.211038534430555,,,,0.0
